Feature,Failed Mean,Survived Mean,t-stat,p-value,Cohen's d,Significant
Leverage Ratio,22.202378858560525,11.923582230683838,3.975978548091263,0.0031261485949909754,1.7795093299042655,***
Cash Coverage,0.13166408270420976,0.33632417261256253,-2.701197417048845,0.022402578043341777,-1.3220675788239333,**
Equity / Assets %,5.197533249459669,8.408155824207407,-4.615249439045537,0.0009610713623143701,-2.0749276357377178,***
Crisis Keyword Density (Risk Factors),3.5505387448780517,2.6722592278030013,1.1032020758461352,0.285153958303721,0.4929174267549998,
Crisis Keyword Density (MD&A),2.311446588709827,8.232771788179793,-1.521618095998666,0.16918408053818584,-0.7545940409052087,
Risk Section Word Count,13995.1,12470.75,0.27271093835651217,0.7885847020478782,0.12821751885019997,
Hedging Language %,0.5731024177648671,0.6908141138888411,-0.49102105129619444,0.6321273850723015,-0.23719144034654951,
